customer_key,customer_id,customer_number,first_name,last_name,country,marital_status,gender,birthdate,create_date
1,10001,CUS-010001,Michael,Jimenez,Brazil,M,M,1964-03-24,2011-02-24
2,10002,CUS-010002,Dylan,Collins,United States,M,M,1955-04-08,2015-09-01
3,10003,CUS-010003,Adam,Lewis,Poland,,M,1967-01-25,2019-01-14
4,10004,CUS-010004,Donna,Ramirez,Netherlands,M,F,1955-07-04,2014-01-10
5,10005,CUS-010005,Ralph,Murphy,United Kingdom,S,M,1955-09-10,2019-04-21
6,10006,CUS-010006,Teresa,Harris,Germany,M,F,1992-04-25,2013-03-31
7,10007,CUS-010007,Jerry,Scott,Portugal,,M,1973-03-12,2013-12-26
8,10008,CUS-010008,Jordan,Gray,Canada,,M,1996-04-06,2015-03-09
9,10009,CUS-010009,Ryan,Castillo,Spain,M,M,1964-01-26,2013-07-16
10,10010,CUS-010010,Roy,Green,Australia,,M,1981-07-21,2015-02-23
11,10011,CUS-010011,Gerald,King,Austria,,M,1975-06-08,2011-07-21
12,10012,CUS-010012,Donald,Martin,Canada,,M,1977-10-03,2014-04-26
13,10013,CUS-010013,Eric,Ramos,United States,,M,1996-02-22,2019-12-04
14,10014,CUS-010014,Sandra,Nguyen,Austria,M,F,1979-01-24,2019-10-28
15,10015,CUS-010015,Megan,Wilson,Italy,,F,1982-10-07,2011-09-19
16,10016,CUS-010016,James,Brooks,Spain,S,M,1951-02-12,2019-11-09
17,10017,CUS-010017,Jessica,Walker,Germany,M,F,1996-08-27,2010-10-11
18,10018,CUS-010018,Dorothy,Hughes,New Zealand,,F,1960-05-17,2019-10-14
19,10019,CUS-010019,Bobby,Foster,Australia,,M,1969-07-22,2017-04-15
20,10020,CUS-010020,Steven,Young,Japan,M,M,1971-01-19,2016-03-18
21,10021,CUS-010021,Randy,Bennett,United States,M,M,1954-01-28,2013-09-15
22,10022,CUS-010022,Jeffrey,Howard,United Kingdom,,M,1986-10-16,2012-09-22
23,10023,CUS-010023,Betty,Gonzalez,Austria,S,F,1977-07-15,2019-09-09
24,10024,CUS-010024,Joseph,Phillips,Netherlands,M,M,1965-04-07,2016-01-06
25,10025,CUS-010025,Judith,Young,Germany,S,F,1985-02-02,2017-04-25
26,10026,CUS-010026,Bobby,Walker,Canada,S,M,1981-08-07,2019-09-12
27,10027,CUS-010027,James,Roberts,Mexico,S,M,1968-07-23,2018-03-12
28,10028,CUS-010028,Joshua,Harris,India,M,M,1953-10-24,2016-01-30
29,10029,CUS-010029,Lawrence,Gutierrez,Singapore,,M,1960-01-17,2010-11-25
30,10030,CUS-010030,Alan,Walker,Denmark,M,M,1986-04-19,2016-09-01
31,10031,CUS-010031,Carl,Bailey,Spain,S,M,1963-11-23,2013-07-10
32,10032,CUS-010032,Lauren,Green,Germany,M,F,1979-10-19,2011-02-14
33,10033,CUS-010033,Dorothy,Hall,Germany,M,F,1973-05-06,2014-11-30
34,10034,CUS-010034,Logan,Reed,United States,,M,1985-05-22,2011-03-01
35,10035,CUS-010035,Mark,Powell,France,S,M,1968-10-07,2018-01-18
36,10036,CUS-010036,,Ortiz,Mexico,M,F,1955-11-14,2019-04-21
37,10037,CUS-010037,Judy,King,Canada,,F,1978-09-23,2014-10-18
38,10038,CUS-010038,Jean,Jones,Switzerland,,F,1985-03-14,2011-06-07
39,10039,CUS-010039,Patrick,Clark,Japan,,M,1956-06-25,2016-04-12
40,10040,CUS-010040,Russell,Martin,Japan,M,M,1961-07-01,2012-01-05
41,10041,CUS-010041,Willie,Jimenez,Japan,S,M,1960-12-04,2014-04-16
42,10042,CUS-010042,Stephanie,Murphy,Sweden,S,F,2000-04-08,2010-04-07
43,10043,CUS-010043,Sarah,Scott,Sweden,,F,1982-07-22,2019-06-18
44,10044,CUS-010044,Stephen,Thompson,Mexico,M,M,1956-10-14,2013-11-16
45,10045,CUS-010045,Keith,Anderson,Norway,,M,1962-05-02,2017-12-13
46,10046,CUS-010046,Juan,Ross,Australia,S,M,1977-02-22,2013-09-14
47,10047,CUS-010047,Vincent,Hill,Singapore,S,M,1992-07-11,2014-07-07
48,10048,CUS-010048,Victoria,Price,Norway,,F,1997-03-20,2016-05-20
49,10049,CUS-010049,Brandon,Torres,Australia,S,M,2000-10-20,2017-05-05
50,10050,CUS-010050,Andrea,Rogers,Canada,,F,1955-05-17,2017-06-12
51,10051,CUS-010051,Amber,Flores,Japan,M,F,1959-01-02,2012-09-29
52,10052,CUS-010052,Peter,Parker,Australia,,M,1994-07-16,2014-06-25
53,10053,CUS-010053,Bobby,Wilson,Austria,M,M,1961-12-17,2015-03-18
54,10054,CUS-010054,Peter,Moore,Portugal,,M,1983-09-20,2013-07-23
55,10055,CUS-010055,Vincent,Cooper,Austria,,M,1978-03-24,2019-08-30
56,10056,CUS-010056,Judy,Scott,UAE,S,F,1990-04-09,2014-12-07
57,10057,CUS-010057,Christine,Green,Germany,M,F,1959-04-13,2017-10-13
58,10058,CUS-010058,Henry,Nelson,Portugal,S,M,1953-04-27,2014-09-17
59,10059,CUS-010059,Mason,Ward,Norway,S,M,1950-06-10,2018-06-14
60,10060,CUS-010060,Gerald,Powell,Japan,S,M,1964-05-14,2015-06-13
61,10061,CUS-010061,Vincent,Perez,Portugal,M,M,1989-09-01,2014-06-02
62,10062,CUS-010062,Joe,Collins,United Kingdom,S,M,1961-01-09,2014-04-02
63,10063,CUS-010063,Maria,Scott,Belgium,S,F,1955-08-01,2018-05-27
64,10064,CUS-010064,Laura,Ruiz,Germany,,F,1952-01-08,2012-03-27
65,10065,CUS-010065,Dorothy,Rogers,United Kingdom,,F,1963-08-23,2012-11-15
66,10066,CUS-010066,Russell,Long,United Kingdom,M,M,1969-02-19,2010-04-16
67,10067,CUS-010067,Aaron,Long,Australia,M,M,1987-12-27,2017-01-13
68,10068,CUS-010068,Danielle,Brooks,United Kingdom,,F,2000-01-12,2015-12-23
69,10069,CUS-010069,Joe,Baker,United States,S,M,1981-02-14,2014-01-23
70,10070,CUS-010070,Christina,Thompson,UAE,,F,1967-10-26,2016-01-14
71,10071,CUS-010071,Jonathan,Adams,Japan,M,M,1967-08-08,2018-06-01
72,10072,CUS-010072,Frank,Brown,South Korea,S,M,1961-08-07,2013-12-24
73,10073,CUS-010073,Elijah,Scott,United States,,M,1962-02-08,2018-01-28
74,10074,CUS-010074,Brittany,Rogers,South Korea,S,F,2000-01-03,2013-04-20
75,10075,CUS-010075,Denise,Richardson,Switzerland,S,F,1985-09-12,2014-10-09
76,10076,CUS-010076,Diana,Murphy,Brazil,S,F,1966-04-04,2018-02-02
77,10077,CUS-010077,Mason,Sanders,Canada,M,M,1963-12-16,2013-02-06
78,10078,CUS-010078,Jesse,Torres,United Kingdom,M,M,1968-04-12,2012-01-05
79,10079,CUS-010079,Brenda,Garcia,United States,,F,1968-12-05,2017-02-25
80,10080,CUS-010080,Arthur,Torres,New Zealand,S,M,1978-06-06,2010-07-30
81,10081,CUS-010081,Thomas,Phillips,South Korea,M,M,1986-11-22,2010-08-08
82,10082,CUS-010082,Lisa,Young,United Kingdom,,F,1998-07-20,2016-09-07
83,10083,CUS-010083,Jerry,Morris,Poland,S,M,1987-07-10,2016-05-18
84,10084,CUS-010084,Mason,Clark,Australia,S,M,1992-02-06,2012-09-09
85,10085,CUS-010085,Henry,Morris,New Zealand,S,M,1952-04-10,2017-12-05
86,10086,CUS-010086,Juan,Robinson,Mexico,,M,1987-11-26,2012-03-21
87,10087,CUS-010087,Anna,Jackson,Germany,M,F,1960-05-20,2018-05-26
88,10088,CUS-010088,Steven,Cook,Italy,,M,1975-05-17,2016-01-21
89,10089,CUS-010089,Harry,Jimenez,Spain,,M,1966-01-03,2012-07-26
90,10090,CUS-010090,Dylan,Williams,Brazil,,M,1952-03-16,2015-10-27
91,10091,CUS-010091,Doris,Edwards,South Korea,M,F,1980-06-14,2013-09-27
92,10092,CUS-010092,Christine,Evans,South Korea,S,F,1992-07-27,2018-07-13
93,10093,CUS-010093,Angela,Adams,United Kingdom,S,F,1982-01-22,2019-10-01
94,10094,CUS-010094,Hannah,Campbell,South Korea,,F,1978-01-07,2012-12-29
95,10095,CUS-010095,Elijah,Ortiz,United Kingdom,M,M,1990-10-26,2012-09-07
96,10096,CUS-010096,Sean,Evans,Germany,M,M,1957-08-04,2017-04-07
97,10097,CUS-010097,Andrea,Myers,Brazil,S,F,1980-08-08,2015-02-14
98,10098,CUS-010098,Keith,Powell,United Kingdom,M,M,1967-07-11,2018-11-01
99,10099,CUS-010099,Jane,Hill,South Korea,M,F,1978-09-16,2013-11-14
100,10100,CUS-010100,Peter,Adams,Australia,,M,1965-10-13,2012-08-14
101,10101,CUS-010101,Tiffany,Rogers,Norway,S,F,1992-11-05,2015-07-22
102,10102,CUS-010102,Gregory,Gonzalez,Poland,M,M,1983-08-01,2018-02-07
103,10103,CUS-010103,Karen,Rogers,Mexico,S,F,1989-12-13,2017-04-15
104,10104,CUS-010104,Jerry,Green,South Korea,,M,1952-10-03,2012-08-19
105,10105,CUS-010105,Tiffany,Lopez,Austria,M,F,1998-11-23,2019-10-15
106,10106,CUS-010106,Linda,Garcia,Spain,M,F,1968-06-12,2014-10-31
107,10107,CUS-010107,Juan,White,Canada,M,M,1955-10-28,2014-04-16
108,10108,CUS-010108,Kenneth,Robinson,,,M,1966-08-09,2017-06-24
109,10109,CUS-010109,Amber,Howard,Canada,M,F,1978-06-19,2013-05-10
110,10110,CUS-010110,Lauren,Hill,Australia,S,F,1980-02-08,2014-04-12
111,10111,CUS-010111,Jennifer,Hughes,Denmark,S,F,1950-10-28,2017-09-10
112,10112,CUS-010112,Russell,Morgan,India,M,M,1988-06-08,2017-02-20
113,10113,CUS-010113,Grace,Gonzalez,United States,S,F,2000-08-02,2016-07-01
114,10114,CUS-010114,Katherine,Powell,Belgium,M,F,1962-03-26,2016-01-19
115,10115,CUS-010115,Jonathan,Perez,Mexico,S,M,1968-12-28,2013-10-19
116,10116,CUS-010116,Kenneth,Jenkins,Japan,,M,1996-11-13,2019-06-27
117,10117,CUS-010117,John,King,United Kingdom,S,M,1973-11-24,2017-07-16
118,10118,CUS-010118,Margaret,Alvarez,Japan,S,F,1951-10-18,2013-09-05
119,10119,CUS-010119,Gabriel,Cook,Italy,,M,1976-02-05,2010-07-05
120,10120,CUS-010120,Donald,Gonzalez,Japan,,M,1958-07-15,2014-02-28
121,10121,CUS-010121,Adam,Watson,France,S,M,1991-02-27,2015-06-28
122,10122,CUS-010122,Barbara,Sanders,Switzerland,M,F,1978-08-08,2019-08-05
123,10123,CUS-010123,Jean,Mendoza,Sweden,M,F,1975-05-07,2011-05-16
124,10124,CUS-010124,Albert,Ramirez,United States,M,M,2000-06-08,2011-05-31
125,10125,CUS-010125,Jason,Watson,,M,M,1971-03-26,2016-09-07
126,10126,CUS-010126,Dorothy,Howard,Mexico,M,F,1957-11-28,2010-04-16
127,10127,CUS-010127,Sara,Adams,United States,M,F,1966-01-05,2018-04-27
128,10128,CUS-010128,Ethan,Morris,Switzerland,,M,1987-02-15,2015-08-26
129,10129,CUS-010129,Brandon,Murphy,United States,M,M,1980-07-14,2017-09-11
130,10130,CUS-010130,Charles,Hernandez,Spain,,M,1959-02-05,2013-01-31
131,10131,CUS-010131,Maria,Brooks,UAE,S,F,1979-09-20,2014-10-29
132,10132,CUS-010132,Vincent,Ramirez,Austria,S,M,1964-07-11,2019-04-13
133,10133,CUS-010133,Samuel,Collins,Spain,,M,1966-06-05,2017-09-14
134,10134,CUS-010134,Matthew,Edwards,United Kingdom,,M,1997-06-26,2011-06-17
135,10135,CUS-010135,Austin,Nelson,United Kingdom,S,M,1972-11-25,2014-09-29
136,10136,CUS-010136,Janice,Flores,Sweden,M,F,1986-09-07,2011-09-26
137,10137,CUS-010137,Alexander,Kim,Switzerland,M,M,1998-05-19,2012-07-15
138,10138,CUS-010138,Bryan,Alvarez,United States,,M,1992-12-09,2010-04-29
139,10139,CUS-010139,Debra,Hall,United States,M,F,1959-10-22,2014-06-30
140,10140,CUS-010140,Matthew,Powell,UAE,M,M,1974-07-15,2013-10-28
141,10141,CUS-010141,Gloria,Brooks,Germany,M,F,1959-03-25,2016-12-05
142,10142,CUS-010142,Albert,Collins,South Korea,,M,1978-07-09,2012-06-01
143,10143,CUS-010143,Donald,Torres,South Korea,,M,1992-05-02,2012-06-22
144,10144,CUS-010144,Jason,Hill,Australia,M,M,1998-05-10,2013-09-05
145,10145,CUS-010145,George,Taylor,Norway,,M,1995-04-17,2016-04-07
146,10146,CUS-010146,Aaron,Jimenez,United States,S,M,1951-08-03,2019-09-02
147,10147,CUS-010147,Randy,Gray,Belgium,S,M,1957-07-01,2013-08-23
148,10148,CUS-010148,Wayne,Campbell,Germany,S,M,1956-04-14,2016-08-09
149,10149,CUS-010149,Tiffany,Baker,Japan,S,F,1999-03-03,2015-09-22
150,10150,CUS-010150,Rachel,Hall,France,M,F,1956-03-09,2012-03-19
151,10151,CUS-010151,George,Bennett,South Korea,S,M,1998-10-25,2016-07-01
152,10152,CUS-010152,Joe,Gray,Spain,,M,1970-03-15,2010-10-07
153,10153,CUS-010153,Sara,Davis,Sweden,,F,1954-05-15,2015-01-26
154,10154,CUS-010154,Karen,Mendoza,Germany,,F,1988-09-13,2015-03-11
155,10155,CUS-010155,Zachary,Ward,Australia,S,M,1988-08-17,2011-09-10
156,10156,CUS-010156,Virginia,Hernandez,Singapore,,F,1961-01-08,2017-12-08
157,10157,CUS-010157,Bryan,Lee,Switzerland,S,M,1968-07-14,2018-09-08
158,10158,CUS-010158,Sarah,Nelson,United Kingdom,,F,1993-07-10,2012-10-29
159,10159,CUS-010159,Joshua,Nelson,Germany,,M,1992-03-12,2013-06-24
160,10160,CUS-010160,Paul,Brooks,Germany,S,M,1985-07-21,2018-11-17
161,10161,CUS-010161,Matthew,Mendoza,Austria,,M,1973-01-12,2013-06-19
162,10162,CUS-010162,Ronald,Lewis,United Kingdom,M,M,1954-05-28,2018-11-03
163,10163,CUS-010163,William,Hughes,Netherlands,,M,1958-10-13,2011-09-24
164,10164,CUS-010164,Brian,Ross,Poland,M,M,1976-06-22,2018-01-26
165,10165,CUS-010165,Kayla,Powell,Poland,M,F,1984-04-10,2019-01-26
166,10166,CUS-010166,Catherine,Alvarez,Poland,S,F,1999-05-25,2014-04-14
167,10167,CUS-010167,Stephanie,Chavez,United Kingdom,S,F,1953-11-16,2019-10-21
168,10168,CUS-010168,Steven,Torres,Germany,M,M,1967-08-17,2011-08-27
169,10169,CUS-010169,Evelyn,Hall,United States,S,F,1953-07-17,2014-03-12
170,10170,CUS-010170,Laura,Brown,Spain,M,F,1995-11-11,2018-11-16
171,10171,CUS-010171,Elijah,Moore,New Zealand,S,M,1989-01-03,2010-03-19
172,10172,CUS-010172,Ralph,Chavez,UAE,S,M,1957-05-08,2013-05-18
173,10173,CUS-010173,Peter,Rodriguez,United Kingdom,S,M,1988-09-01,2017-02-01
174,10174,CUS-010174,Emma,Collins,United States,,F,1972-04-19,2014-09-03
175,10175,CUS-010175,Jack,Rodriguez,UAE,,M,1982-09-18,2010-03-25
176,10176,CUS-010176,Dennis,Allen,United States,S,M,2000-02-12,2012-09-14
177,10177,CUS-010177,Eugene,Jenkins,Netherlands,M,M,1952-06-18,2013-10-18
178,10178,CUS-010178,Elijah,Gutierrez,Canada,M,M,1954-12-25,2015-02-18
179,10179,CUS-010179,Elizabeth,Green,Italy,,F,1975-09-16,2012-11-03
180,10180,CUS-010180,Carolyn,Miller,Netherlands,S,F,1957-06-14,2019-12-23
181,10181,CUS-010181,Frank,White,South Korea,,M,1981-06-26,2015-10-28
182,10182,CUS-010182,Daniel,Edwards,Canada,,M,1968-06-04,2010-11-24
183,10183,CUS-010183,Jordan,Long,Austria,M,M,1994-08-12,2015-01-06
184,10184,CUS-010184,Marie,Edwards,Brazil,,F,2000-01-03,2017-07-12
185,10185,CUS-010185,Linda,Jackson,Poland,M,F,1958-02-08,2018-09-24
186,10186,CUS-010186,William,Chavez,France,,M,1978-06-12,2014-12-24
187,10187,CUS-010187,Jack,Turner,Spain,,M,1967-04-04,2010-04-17
188,10188,CUS-010188,Austin,Thomas,Mexico,S,M,1995-08-07,2016-11-11
189,10189,CUS-010189,Edward,Thomas,United Kingdom,M,M,1978-03-23,2014-12-29
190,10190,CUS-010190,Marilyn,Hall,Germany,,F,1984-05-10,2019-07-20
191,10191,CUS-010191,Janet,Peterson,Japan,M,F,1962-03-08,2018-11-12
192,10192,CUS-010192,Dennis,Cook,United Kingdom,,M,1955-02-10,2014-06-19
193,10193,CUS-010193,Henry,Evans,Germany,M,M,1970-11-03,2015-01-18
194,10194,CUS-010194,Alice,Gray,Canada,M,F,1977-09-28,2010-08-15
195,10195,CUS-010195,Carol,Lee,Spain,,F,1964-06-17,2013-03-09
196,10196,CUS-010196,Larry,Taylor,Italy,,M,1984-02-17,2017-03-10
197,10197,CUS-010197,Carol,Hughes,Netherlands,,F,1952-01-03,2010-07-06
198,10198,CUS-010198,Beverly,Clark,Belgium,,F,1990-01-16,2019-12-21
199,10199,CUS-010199,Frances,Young,Denmark,S,F,1979-02-23,2010-09-03
200,10200,CUS-010200,Jason,Baker,France,S,M,1995-06-24,2019-08-27
201,10201,CUS-010201,Andrea,Kim,United Kingdom,S,F,1965-08-04,2012-12-31
202,10202,CUS-010202,Scott,Roberts,Belgium,M,M,1960-06-19,2018-02-01
203,10203,CUS-010203,Keith,Cook,South Korea,S,M,1981-01-03,2014-05-30
204,10204,CUS-010204,Doris,Rivera,United States,M,F,1968-08-20,2019-11-24
205,10205,CUS-010205,Ann,Johnson,United Kingdom,S,F,1958-05-24,2014-02-07
206,10206,CUS-010206,Richard,Cox,Australia,S,M,1985-05-03,2014-05-02
207,10207,CUS-010207,Madison,Castillo,United Kingdom,M,F,1956-07-12,2018-11-30
208,10208,CUS-010208,Kayla,Jackson,Australia,,F,1982-07-17,2010-06-14
209,10209,CUS-010209,Olivia,Bailey,Portugal,M,F,1988-09-05,2013-09-05
210,10210,CUS-010210,Bryan,Jimenez,Italy,,M,1971-09-27,2015-09-19
211,10211,CUS-010211,Olivia,Williams,Switzerland,S,F,1993-02-14,2016-07-18
212,10212,CUS-010212,Jesse,Rogers,Mexico,,M,2000-10-19,2012-07-21
213,10213,CUS-010213,Jacqueline,Bennett,Norway,M,F,1993-04-02,2016-06-03
214,10214,CUS-010214,Douglas,Green,Belgium,M,M,1976-12-07,2014-08-08
215,10215,CUS-010215,Eugene,Foster,United States,,M,1958-09-07,2016-04-16
216,10216,CUS-010216,Jerry,Green,Canada,S,M,1984-06-18,2013-12-22
217,10217,CUS-010217,Marie,Gutierrez,Australia,M,F,1967-09-10,2012-07-10
218,10218,CUS-010218,Abigail,Clark,South Korea,S,F,1980-06-18,2018-12-02
219,10219,CUS-010219,Alan,Howard,Norway,S,M,1972-03-10,2010-06-22
220,10220,CUS-010220,Joan,Ruiz,Mexico,,F,1980-04-07,2019-04-15
221,10221,CUS-010221,Kimberly,Wilson,Japan,M,F,1953-11-17,2012-07-13
222,10222,CUS-010222,Gregory,Long,New Zealand,M,M,1993-03-01,2016-03-04
223,10223,CUS-010223,Walter,Ruiz,Australia,S,M,1970-05-21,2010-08-31
224,10224,CUS-010224,Jacob,Kelly,United States,M,M,1976-03-02,2019-05-19
225,10225,CUS-010225,Barbara,Johnson,Italy,,F,1988-02-11,2013-03-11
226,10226,CUS-010226,Jeremy,Moore,Singapore,S,M,1967-04-26,2011-04-07
227,10227,CUS-010227,Virginia,White,United States,,F,1971-05-19,2017-07-25
228,10228,CUS-010228,Nathan,Peterson,Spain,M,M,1975-11-04,2012-01-27
229,10229,CUS-010229,Mary,King,Norway,M,F,1978-05-11,2013-05-21
230,10230,CUS-010230,Beverly,Campbell,Japan,M,F,1992-02-15,2013-06-10
231,10231,CUS-010231,Brittany,Thomas,India,S,F,1989-04-08,2011-07-02
232,10232,CUS-010232,Dennis,Parker,New Zealand,,M,1992-04-25,2012-10-10
233,10233,CUS-010233,Terry,Morris,UAE,,M,1973-02-19,2011-04-05
234,10234,CUS-010234,Edward,Ward,France,M,M,1970-09-15,2011-04-22
235,10235,CUS-010235,Matthew,Peterson,Poland,M,M,1979-03-17,2014-08-29
236,10236,CUS-010236,Alan,Flores,United States,S,M,1966-01-24,2012-06-11
237,10237,CUS-010237,Diana,Rodriguez,United States,M,F,1980-01-10,2014-08-02
238,10238,CUS-010238,Dennis,Carter,Poland,S,M,1974-02-22,2017-06-03
239,10239,CUS-010239,Ashley,Thompson,,,F,1958-12-08,2019-05-13
240,10240,CUS-010240,Judith,Alvarez,Austria,,F,1974-04-08,2015-03-02
241,10241,CUS-010241,William,Hughes,Belgium,,M,1999-01-08,2012-04-24
242,10242,CUS-010242,Jesse,Alvarez,United States,M,M,1997-01-13,2014-12-03
243,10243,CUS-010243,Andrew,Cooper,India,M,M,1996-10-11,2016-06-23
244,10244,CUS-010244,Kathleen,Hill,France,,F,1983-04-14,2013-05-15
245,10245,CUS-010245,Eugene,Thompson,Austria,,M,1981-01-12,2017-03-20
246,10246,CUS-010246,Diana,Parker,Belgium,M,F,1969-07-06,2018-06-18
247,10247,CUS-010247,Nicole,Myers,France,S,F,1953-09-14,2014-09-03
248,10248,CUS-010248,Angela,Clark,Netherlands,,F,1955-08-28,2014-02-28
249,10249,CUS-010249,Susan,Wright,Norway,,F,1988-10-02,2019-10-19
250,10250,CUS-010250,Vincent,Price,Australia,S,M,1963-06-10,2010-03-04
251,10251,CUS-010251,Russell,Jenkins,New Zealand,M,M,1994-10-23,2012-04-17
252,10252,CUS-010252,Pamela,Carter,Portugal,,F,1991-06-10,2012-12-07
253,10253,CUS-010253,Anthony,Ross,New Zealand,S,M,1963-06-11,2014-08-23
254,10254,CUS-010254,Jennifer,King,Belgium,S,F,1959-04-11,2012-07-31
255,10255,CUS-010255,Sean,Ruiz,Netherlands,S,M,1998-08-24,2017-03-13
256,10256,CUS-010256,Carol,Moore,South Korea,M,F,1984-11-02,2015-11-17
257,10257,CUS-010257,Mason,Smith,Belgium,M,M,1990-04-03,2017-12-06
258,10258,CUS-010258,Dennis,Davis,New Zealand,,M,1981-01-01,2015-12-20
259,10259,CUS-010259,Vincent,Scott,India,M,M,1982-12-22,2014-10-30
260,10260,CUS-010260,Anthony,Reed,France,M,M,1962-10-17,2012-10-30
261,10261,CUS-010261,Daniel,Mitchell,Denmark,S,M,1986-04-23,2012-07-14
262,10262,CUS-010262,Logan,Ruiz,United States,M,M,1975-07-13,2016-03-13
263,10263,CUS-010263,Lisa,Morgan,Austria,,F,2000-06-19,2019-08-16
264,10264,CUS-010264,Jacob,Ramirez,New Zealand,S,M,1952-02-22,2013-02-22
265,10265,CUS-010265,George,Green,United States,M,M,1987-03-25,2019-03-16
266,10266,CUS-010266,Brandon,Lee,Japan,,M,1974-11-18,2013-09-20
267,10267,CUS-010267,Christian,Powell,Sweden,M,M,1956-07-08,2019-05-29
268,10268,CUS-010268,Jesse,Turner,Spain,M,M,1990-05-26,2015-01-20
269,10269,CUS-010269,Harry,White,Norway,M,M,1999-10-10,2018-12-13
270,10270,CUS-010270,Donna,Carter,France,,F,1974-06-12,2011-03-13
271,10271,CUS-010271,Jack,Wright,United Kingdom,M,M,1955-03-14,2015-01-13
272,10272,CUS-010272,Michael,Lopez,Sweden,,M,1955-10-20,2018-10-19
273,10273,CUS-010273,Joyce,Roberts,Germany,,F,1985-04-19,2015-11-05
274,10274,CUS-010274,Anna,Hill,Brazil,S,F,1959-02-06,2014-11-16
275,10275,CUS-010275,Jack,Allen,Japan,,M,1990-08-20,2016-11-30
276,10276,CUS-010276,Mary,Turner,Netherlands,,F,1974-06-15,2013-10-03
277,10277,CUS-010277,Andrew,Hill,Spain,,M,1994-04-16,2013-07-10
278,10278,CUS-010278,Emma,Jimenez,South Korea,,F,2000-04-11,2014-03-21
279,10279,CUS-010279,Sandra,Cox,Australia,,F,1984-03-22,2018-08-11
280,10280,CUS-010280,Randy,Clark,Poland,S,M,1994-02-27,2019-07-05
281,10281,CUS-010281,Andrew,Gray,Italy,M,M,1966-11-05,2018-01-08
282,10282,CUS-010282,Jesse,Gutierrez,Denmark,,M,1982-12-14,2016-02-05
283,10283,CUS-010283,Jesse,Gray,Germany,M,M,1999-04-22,2017-06-15
284,10284,CUS-010284,Carl,Mendoza,Denmark,S,M,2000-07-04,2010-02-13
285,10285,CUS-010285,Austin,Richardson,Japan,S,M,1973-07-15,2018-08-30
286,10286,CUS-010286,Rachel,Brown,New Zealand,M,F,1968-07-03,2011-04-21
287,10287,CUS-010287,Helen,Baker,Portugal,M,F,1983-08-12,2015-05-05
288,10288,CUS-010288,Samuel,Rodriguez,Italy,M,M,1995-02-01,2019-07-11
289,10289,CUS-010289,Alexis,Young,UAE,M,F,1985-03-11,2016-04-12
290,10290,CUS-010290,Bruce,White,Canada,,M,1992-07-13,2010-04-30
291,10291,CUS-010291,Dylan,Collins,Norway,M,M,1995-04-07,2013-02-14
292,10292,CUS-010292,Arthur,Wilson,Canada,S,M,1970-04-15,2011-04-12
293,10293,CUS-010293,Gabriel,Green,Norway,,M,1975-10-04,2013-11-26
294,10294,CUS-010294,Amber,Myers,Italy,,F,1987-02-22,2011-07-03
295,10295,CUS-010295,Timothy,Mitchell,France,,M,1974-07-20,2011-07-19
296,10296,CUS-010296,Gabriel,Kelly,Canada,,M,1960-08-10,2011-07-29
297,10297,CUS-010297,Richard,Rivera,United States,S,M,1958-04-27,2014-04-22
298,10298,CUS-010298,Henry,Castillo,South Korea,S,M,1995-08-16,2011-11-17
299,10299,CUS-010299,Emma,Jones,Brazil,M,F,1984-05-06,2018-10-03
300,10300,CUS-010300,Sean,Peterson,United Kingdom,,M,1957-05-25,2016-02-03
301,10301,CUS-010301,Mason,Ross,Poland,,M,1963-07-04,2018-04-03
302,10302,CUS-010302,Barbara,Morris,Mexico,S,F,1955-08-28,2011-04-26
303,10303,CUS-010303,Wayne,Hall,Austria,M,M,1989-03-26,2012-04-26
304,10304,CUS-010304,Alexander,Kelly,Brazil,,M,1984-03-11,2017-11-23
305,10305,CUS-010305,Alan,Gonzalez,United Kingdom,S,M,1953-05-28,2017-05-10
306,10306,CUS-010306,Emily,Long,Spain,M,F,1998-11-13,2015-06-28
307,10307,CUS-010307,Jerry,Morris,Germany,,M,2000-02-13,2015-10-13
308,10308,CUS-010308,Lauren,Ortiz,Spain,,F,1950-12-03,2018-03-13
309,10309,CUS-010309,Sarah,Kelly,Denmark,M,F,1977-04-16,2013-01-04
310,10310,CUS-010310,Arthur,Taylor,South Korea,S,M,1993-01-02,2011-02-12
311,10311,CUS-010311,Steven,Lee,Poland,S,M,1950-07-07,2017-09-21
312,10312,CUS-010312,Michelle,Scott,Germany,,F,1973-05-03,2014-03-04
313,10313,CUS-010313,Aaron,Bennett,Italy,,M,1994-04-14,2017-05-08
314,10314,CUS-010314,Frances,Martinez,,,F,1964-09-22,2014-12-28
315,10315,CUS-010315,Nathan,Sanders,United Kingdom,S,M,1954-04-13,2011-01-01
316,10316,CUS-010316,Catherine,Hill,United Kingdom,S,F,1999-03-21,2017-08-05
317,10317,CUS-010317,Bryan,Ruiz,Canada,S,M,1972-12-07,2017-01-16
318,10318,CUS-010318,Juan,Stewart,Australia,M,M,1956-03-25,2011-05-20
319,10319,CUS-010319,Samuel,Moore,Japan,S,M,1991-02-08,2016-03-16
320,10320,CUS-010320,Brittany,Brown,Italy,M,F,1983-10-17,2012-02-12
321,10321,CUS-010321,Gary,Morgan,Norway,M,M,1965-08-21,2016-08-29
322,10322,CUS-010322,Jack,Green,United Kingdom,S,M,1986-07-12,2016-02-16
323,10323,CUS-010323,Robert,Watson,Germany,M,M,1966-04-02,2010-09-05
324,10324,CUS-010324,Grace,Long,Singapore,S,F,1977-12-13,2010-12-04
325,10325,CUS-010325,Brenda,Hernandez,Italy,M,F,1982-04-26,2011-09-29
326,10326,CUS-010326,Benjamin,Patel,Austria,,M,1965-01-08,2010-12-20
327,10327,CUS-010327,Jordan,Davis,Italy,,M,1997-11-24,2011-12-21
328,10328,CUS-010328,Kevin,Morgan,Sweden,,M,1983-12-09,2011-11-15
329,10329,CUS-010329,Lori,Thomas,United States,S,F,1977-05-17,2010-09-19
330,10330,CUS-010330,Jeremy,Murphy,Singapore,S,M,1953-08-28,2016-05-10
331,10331,CUS-010331,Arthur,Alvarez,United Kingdom,M,M,1997-09-01,2010-06-30
332,10332,CUS-010332,Ethan,Campbell,Norway,M,M,1961-01-18,2019-01-03
333,10333,CUS-010333,Ryan,Adams,Japan,S,M,1996-06-09,2019-04-07
334,10334,CUS-010334,Alan,Miller,Canada,M,M,1983-01-13,2010-10-10
335,10335,CUS-010335,Katherine,Lopez,Portugal,M,F,1973-04-10,2016-04-28
336,10336,CUS-010336,,Mitchell,South Korea,M,F,1996-09-25,2018-12-05
337,10337,CUS-010337,Michael,Robinson,Sweden,,M,1994-01-11,2010-01-06
338,10338,CUS-010338,Margaret,Clark,UAE,M,F,1976-08-02,2011-08-07
339,10339,CUS-010339,Hannah,Evans,Switzerland,S,F,1997-02-19,2011-01-27
340,10340,CUS-010340,Charles,Watson,United States,S,M,1992-03-08,2013-04-09
341,10341,CUS-010341,Elijah,Jimenez,Spain,S,M,1978-05-08,2010-11-02
342,10342,CUS-010342,Mark,Martin,United Kingdom,M,M,1978-08-11,2014-07-24
343,10343,CUS-010343,Evelyn,Flores,Portugal,S,F,1957-02-06,2019-01-21
344,10344,CUS-010344,David,Ramirez,Spain,M,M,1955-12-08,2013-12-28
345,10345,CUS-010345,Shirley,Thompson,United States,S,F,1978-09-24,2016-03-03
346,10346,CUS-010346,Ashley,Johnson,United States,M,F,1958-04-27,2014-06-29
347,10347,CUS-010347,Lawrence,Watson,Mexico,M,M,1951-02-07,2017-03-30
348,10348,CUS-010348,Ashley,Garcia,Portugal,M,F,1960-10-14,2019-03-20
349,10349,CUS-010349,Juan,Collins,Canada,S,M,1963-03-09,2013-02-20
350,10350,CUS-010350,Billy,Wood,Japan,,M,1968-08-14,2019-11-25
351,10351,CUS-010351,Heather,Moore,Belgium,M,F,1991-09-08,2017-01-27
352,10352,CUS-010352,Jerry,Long,Sweden,S,M,1984-08-12,2016-05-05
353,10353,CUS-010353,Linda,Green,Japan,M,F,1999-05-02,2019-01-26
354,10354,CUS-010354,Jacob,Lee,United Kingdom,M,M,1992-04-09,2015-12-26
355,10355,CUS-010355,Mason,Lewis,Norway,S,M,1961-03-08,2016-08-23
356,10356,CUS-010356,Sara,Brown,Sweden,,F,1986-03-19,2012-02-11
357,10357,CUS-010357,Harold,Flores,Canada,S,M,1952-02-02,2012-08-10
358,10358,CUS-010358,James,Nelson,Australia,M,M,1971-12-06,2018-12-31
359,10359,CUS-010359,Kenneth,Watson,France,M,M,1983-06-03,2014-03-11
360,10360,CUS-010360,Anthony,Baker,Italy,S,M,1958-03-24,2014-11-25
361,10361,CUS-010361,Amanda,Myers,Sweden,M,F,1992-10-27,2011-12-20
362,10362,CUS-010362,Dorothy,Thompson,United States,,F,1986-07-28,2018-08-24
363,10363,CUS-010363,Samuel,Wood,Japan,,M,1986-02-16,2011-07-31
364,10364,CUS-010364,Samantha,Perez,Germany,,F,1992-11-24,2019-12-11
365,10365,CUS-010365,Amy,Sanders,Germany,S,F,1966-02-24,2010-01-06
366,10366,CUS-010366,Brian,Evans,South Korea,S,M,1972-09-13,2011-02-20
367,10367,CUS-010367,Logan,Castillo,Japan,M,M,1978-02-26,2019-06-27
368,10368,CUS-010368,Margaret,Martinez,Netherlands,M,F,1974-03-24,2010-11-04
369,10369,CUS-010369,Frank,Brooks,New Zealand,,M,1951-07-21,2011-11-07
370,10370,CUS-010370,Anthony,Nelson,Australia,M,M,1976-12-18,2018-02-05
371,10371,CUS-010371,Nicole,Walker,United Kingdom,M,F,1975-10-18,2019-06-03
372,10372,CUS-010372,Nathan,Lopez,India,,M,1990-10-16,2012-03-28
373,10373,CUS-010373,Lisa,Rogers,United Kingdom,S,F,2000-07-16,2015-06-27
374,10374,CUS-010374,Tyler,White,Switzerland,S,M,1973-03-15,2010-07-02
375,10375,CUS-010375,Anna,Cox,United States,M,F,1998-12-22,2011-02-01
376,10376,CUS-010376,Henry,Jenkins,Japan,,M,1953-07-27,2015-11-11
377,10377,CUS-010377,Arthur,Walker,New Zealand,S,M,1955-07-28,2018-01-04
378,10378,CUS-010378,Arthur,Alvarez,France,M,M,1998-08-06,2011-11-16
379,10379,CUS-010379,Elizabeth,Collins,Germany,,F,1977-04-27,2017-01-13
380,10380,CUS-010380,Lori,Rodriguez,Germany,S,F,1985-07-18,2013-08-28
381,10381,CUS-010381,Elijah,James,UAE,S,M,1957-07-05,2011-08-31
382,10382,CUS-010382,Mark,Cox,United Kingdom,S,M,1984-06-14,2012-12-17
383,10383,CUS-010383,Ethan,Jones,Canada,S,M,1975-03-20,2016-10-29
384,10384,CUS-010384,Gregory,Sanders,Japan,M,M,1997-08-09,2014-03-06
385,10385,CUS-010385,Helen,Scott,South Korea,,F,1993-02-28,2012-07-22
386,10386,CUS-010386,Louis,Adams,Brazil,,M,1976-10-21,2011-01-01
387,10387,CUS-010387,Eugene,Ortiz,UAE,S,M,1953-09-26,2011-10-14
388,10388,CUS-010388,Andrew,Reed,United States,M,M,1962-04-27,2010-08-25
389,10389,CUS-010389,Abigail,Sanchez,Brazil,S,F,1979-09-13,2017-02-15
390,10390,CUS-010390,Catherine,Ortiz,Poland,M,F,1980-10-18,2013-12-03
391,10391,CUS-010391,Tiffany,Sanders,Germany,S,F,1951-07-02,2011-10-30
392,10392,CUS-010392,Laura,Mendoza,Japan,,F,1963-05-21,2014-08-05
393,10393,CUS-010393,Ethan,Taylor,Canada,,M,1950-04-09,2016-10-27
394,10394,CUS-010394,Kelly,Carter,Sweden,S,F,1966-04-15,2013-05-22
395,10395,CUS-010395,Lawrence,Wilson,United States,,M,1992-06-18,2017-04-05
396,10396,CUS-010396,Walter,Rodriguez,Netherlands,S,M,1990-06-28,2013-02-08
397,10397,CUS-010397,Deborah,Martin,UAE,M,F,1953-10-13,2017-05-29
398,10398,CUS-010398,Logan,Morgan,India,S,M,1976-07-13,2018-04-06
399,10399,CUS-010399,Ronald,Baker,Japan,,M,1984-11-26,2015-05-03
400,10400,CUS-010400,Brandon,Perez,Canada,S,M,1956-08-05,2018-04-23
401,10401,CUS-010401,Danielle,Nelson,Germany,M,F,1972-04-24,2019-10-10
402,10402,CUS-010402,Catherine,King,India,S,F,1957-08-02,2019-09-19
403,10403,CUS-010403,Charles,Rogers,Australia,,M,1957-11-13,2015-12-11
404,10404,CUS-010404,Kimberly,Sanchez,Netherlands,S,F,1986-08-05,2013-07-19
405,10405,CUS-010405,Noah,Nelson,Canada,S,M,1990-01-01,2015-01-26
406,10406,CUS-010406,Teresa,Lee,South Korea,M,F,1958-10-14,2017-02-07
407,10407,CUS-010407,Tyler,Smith,United States,,M,1962-12-12,2010-02-27
408,10408,CUS-010408,Ronald,Williams,United States,,M,1996-04-08,2017-10-11
409,10409,CUS-010409,Tyler,Cooper,Italy,M,M,1954-01-10,2013-04-06
410,10410,CUS-010410,Frank,Edwards,United Kingdom,S,M,1981-06-25,2012-02-11
411,10411,CUS-010411,Robert,Robinson,Japan,,M,1958-04-24,2010-03-31
412,10412,CUS-010412,Virginia,Ruiz,United States,S,F,1990-05-25,2015-12-31
413,10413,CUS-010413,Albert,Wilson,United States,M,M,1994-02-14,2014-12-25
414,10414,CUS-010414,Elijah,Martin,Australia,,M,1993-11-01,2013-05-18
415,10415,CUS-010415,Jonathan,James,United Kingdom,S,M,1956-09-24,2016-12-05
416,10416,CUS-010416,Jeremy,Sanchez,Australia,S,M,1983-04-12,2017-11-21
417,10417,CUS-010417,Jeremy,Clark,New Zealand,S,M,1965-01-01,2017-07-14
418,10418,CUS-010418,Willie,Morgan,France,M,M,1999-09-03,2018-02-11
419,10419,CUS-010419,Lauren,Nguyen,Mexico,S,F,1953-02-27,2011-12-17
420,10420,CUS-010420,,Green,Austria,,F,1957-02-28,2018-07-03
421,10421,CUS-010421,Denise,Mendoza,Canada,S,F,1972-08-20,2013-01-03
422,10422,CUS-010422,Melissa,Anderson,Denmark,S,F,1979-05-27,2014-04-29
423,10423,CUS-010423,Logan,Perez,United Kingdom,M,M,1994-12-02,2019-06-21
424,10424,CUS-010424,Walter,Cox,Poland,M,M,1989-07-25,2014-01-08
425,10425,CUS-010425,Frances,Ortiz,United Kingdom,S,F,1978-01-03,2012-12-07
426,10426,CUS-010426,Philip,Powell,Japan,,M,1971-09-17,2017-09-20
427,10427,CUS-010427,Frances,Hall,Norway,M,F,1985-10-02,2010-02-17
428,10428,CUS-010428,Jeremy,Perez,Germany,S,M,1970-04-11,2013-02-13
429,10429,CUS-010429,Jose,Walker,Germany,S,M,1978-10-15,2010-12-27
430,10430,CUS-010430,Jeremy,Powell,United States,M,M,1975-07-02,2016-04-01
431,10431,CUS-010431,Billy,Gray,Italy,,M,1985-04-21,2017-07-13
432,10432,CUS-010432,Ryan,Murphy,Netherlands,,M,1999-10-20,2015-04-22
433,10433,CUS-010433,Donald,Gonzalez,Japan,M,M,1971-06-27,2017-02-08
434,10434,CUS-010434,Dennis,Patel,United Kingdom,M,M,1960-08-05,2019-03-21
435,10435,CUS-010435,Eric,Wood,Australia,M,M,1957-07-07,2015-02-16
436,10436,CUS-010436,Margaret,Jenkins,Belgium,M,F,1990-11-19,2011-05-20
437,10437,CUS-010437,Christian,Moore,South Korea,M,M,1983-12-02,2016-03-16
438,10438,CUS-010438,Keith,Thompson,Canada,,M,1958-02-13,2017-05-17
439,10439,CUS-010439,Tyler,Parker,Japan,S,M,1975-06-10,2015-01-29
440,10440,CUS-010440,Elijah,Powell,Singapore,S,M,1994-09-28,2013-07-09
441,10441,CUS-010441,Stephanie,Clark,India,,F,1972-11-05,2017-12-19
442,10442,CUS-010442,Harold,Sanders,Spain,,M,1957-06-18,2015-05-22
443,10443,CUS-010443,Alan,Powell,India,S,M,1950-09-04,2010-04-14
444,10444,CUS-010444,Edward,Wright,Canada,S,M,1993-05-05,2019-06-01
445,10445,CUS-010445,Kayla,Howard,United States,S,F,1978-02-20,2019-09-26
446,10446,CUS-010446,Tiffany,Mendoza,Norway,M,F,1982-12-10,2017-10-09
447,10447,CUS-010447,Adam,Castillo,Spain,,M,1953-01-24,2012-10-26
448,10448,CUS-010448,Ryan,Gray,Switzerland,,M,1984-12-20,2012-03-15
449,10449,CUS-010449,Evelyn,Thompson,Germany,M,F,1961-12-17,2011-05-04
450,10450,CUS-010450,Stephen,Taylor,Canada,,M,1966-01-11,2015-03-26
451,10451,CUS-010451,Katherine,Brooks,United States,,F,1989-11-10,2015-07-03
452,10452,CUS-010452,Randy,Green,UAE,M,M,1961-09-03,2018-10-26
453,10453,CUS-010453,Jose,Lopez,Sweden,M,M,1963-11-11,2013-09-18
454,10454,CUS-010454,Terry,Rogers,United States,M,M,1992-06-15,2012-09-11
455,10455,CUS-010455,Nicholas,Garcia,Spain,S,M,2000-02-13,2012-11-16
456,10456,CUS-010456,Philip,Mitchell,Singapore,,M,1978-08-02,2013-04-29
457,10457,CUS-010457,Daniel,Gonzalez,Canada,,M,1984-01-21,2010-09-26
458,10458,CUS-010458,Danielle,Collins,United Kingdom,M,F,1984-12-24,2018-09-11
459,10459,CUS-010459,Russell,Castillo,France,M,M,1979-12-11,2010-06-05
460,10460,CUS-010460,Kathryn,Martinez,Japan,S,F,1976-07-15,2017-01-25
461,10461,CUS-010461,Alan,Thomas,United States,,M,1996-10-03,2018-06-24
462,10462,CUS-010462,Patrick,Cooper,United Kingdom,S,M,2000-11-10,2016-10-20
463,10463,CUS-010463,Jerry,Turner,United States,S,M,1960-09-08,2011-07-13
464,10464,CUS-010464,Scott,Gray,France,S,M,1993-12-21,2014-03-09
465,10465,CUS-010465,Kenneth,Thomas,United States,M,M,1986-10-13,2016-01-10
466,10466,CUS-010466,Tiffany,Jimenez,Sweden,M,F,1976-11-28,2015-10-01
467,10467,CUS-010467,Eric,Harris,United Kingdom,M,M,1992-10-28,2010-08-11
468,10468,CUS-010468,Kyle,Mendoza,Germany,S,M,1992-02-09,2011-02-07
469,10469,CUS-010469,Carolyn,Taylor,Japan,M,F,1968-10-03,2012-03-03
470,10470,CUS-010470,Albert,Flores,France,,M,1986-06-26,2013-07-19
471,10471,CUS-010471,Amy,Lewis,Austria,S,F,1973-03-22,2018-03-22
472,10472,CUS-010472,Patrick,Flores,South Korea,,M,1956-03-21,2016-10-20
473,10473,CUS-010473,Ann,Sanchez,Mexico,,F,1990-02-24,2010-11-05
474,10474,CUS-010474,Lawrence,Richardson,Denmark,,M,1963-01-18,2012-12-03
475,10475,CUS-010475,Logan,Martin,Switzerland,S,M,1964-10-24,2019-08-12
476,10476,CUS-010476,Matthew,Turner,Switzerland,,M,1950-11-08,2019-07-06
477,10477,CUS-010477,Kayla,Peterson,United Kingdom,S,F,1960-03-19,2016-05-06
478,10478,CUS-010478,Patrick,Garcia,Japan,S,M,1964-02-09,2014-02-22
479,10479,CUS-010479,Jack,Roberts,New Zealand,S,M,1952-01-21,2013-08-20
480,10480,CUS-010480,Alexis,King,Canada,S,F,1991-07-12,2016-08-04
481,10481,CUS-010481,Eric,Carter,Japan,,M,1975-06-27,2019-09-25
482,10482,CUS-010482,James,Cooper,United Kingdom,S,M,1960-04-03,2015-10-09
483,10483,CUS-010483,Michelle,Campbell,United Kingdom,,F,1964-07-26,2013-09-14
484,10484,CUS-010484,Walter,Clark,Canada,,M,1976-01-08,2010-06-26
485,10485,CUS-010485,Grace,Peterson,United States,,F,1959-01-06,2012-11-23
486,10486,CUS-010486,Jesse,Cox,United States,,M,1996-11-27,2013-03-07
487,10487,CUS-010487,Ethan,Gutierrez,Canada,M,M,1976-10-05,2018-11-29
488,10488,CUS-010488,Albert,Peterson,Mexico,M,M,1996-11-11,2015-02-01
489,10489,CUS-010489,Tyler,Taylor,United Kingdom,M,M,1962-09-28,2015-08-28
490,10490,CUS-010490,Anthony,Thompson,New Zealand,,M,1988-01-26,2015-12-17
491,10491,CUS-010491,Albert,Taylor,United States,,M,1991-07-17,2014-09-20
492,10492,CUS-010492,Nathan,Robinson,New Zealand,S,M,1972-10-26,2018-04-25
493,10493,CUS-010493,Anthony,Collins,United Kingdom,S,M,1980-04-28,2010-12-10
494,10494,CUS-010494,,Harris,United States,,M,1997-01-19,2015-11-11
495,10495,CUS-010495,Brittany,Green,Belgium,S,F,1956-03-14,2017-04-22
496,10496,CUS-010496,Nathan,Cox,Switzerland,,M,1967-11-13,2018-06-20
497,10497,CUS-010497,Walter,Thompson,Switzerland,,M,1985-08-09,2013-06-10
498,10498,CUS-010498,Eugene,Moore,United Kingdom,,M,1964-08-26,2017-11-04
499,10499,CUS-010499,Jose,Baker,United States,M,M,1974-11-01,2019-01-08
500,10500,CUS-010500,Harry,Lopez,Germany,S,M,1964-06-03,2016-10-30
